"","ID_FloraAlpina","ID","SpeciesName","CompleteName","Repr_mode","Repr_mode_summ","GS","1C","Ploidy","Ploidy_summ","PloidyEvenOdd","Chr.number","GS_per_chrm","Altitude","elevation_Ozenda","Longevity","BiologicalForm","Endemic","Indigenous","Distribution","Sect_Occ","Collinaire","Montane","Subalpine","Alpine","Nival","Init.month","Tot.months","End.month","Phytosociology","Habitat","Ca","Ca.Si","Si","pH","N","Water","w"
"Inula_conyzae","124.16.11.0","IT85","Inula_conyzae","Inula conyzae (Griess.) Meikle","Sexual","Sexual",8.32,2.08,"4x","4x","Even",32,0.26,595,700,"b, v","H","N","Y","Eurasiat./N-Afr.",51,2,2,0,0,0,6,5,10,"Origanetalia vulgaris","(2.1.2), 2.6, (3.2, 6.2), 6.7, 7.4.2, 9.1.1, 9.2.4, 9.3",2,1,0,"bas","low","Dry",0
"Inula_helvetica","124.16.2.0","FR522","Inula_helvetica","Inula helvetica Weber","Sexual","Sexual",4.54,2.27,"2x","2x","Even",16,0.28375,1440,583.333333333333,"v","H","N","Y","SW-Eur.",10,2,1,0,0,0,7,3,9,"Convolvuletalia sepium","2.3, 2.5.1, (5.1, 6.3.2),7.2, (7.5, 9.2.2)",2,2,1,"bas","med","Wet",1
"Inula_bifrons","124.16.12.0","FR143","Inula_bifrons","Inula bifrons (L.) L.","Sexual","Sexual",5.07,2.535,"2x","2x","Even",16,0.316875,1172,910,"b, v","H","N","Y","S-Eur.",9,2,2,1,0,0,7,3,9,"Geranion sanguinei","2.1, (2.2, 3.2, 3.3), 6.2, 6.7, 7.4.2, 9.3",2,2,1,"bas","low","Dry",0
"Antennaria_dioica","124.12.1.0","FR243","Antennaria_dioica","Antennaria dioica (L.) Gaertn.","Sexual","Sexual",7.3805,1.845125,"4x","4x","Even",28,0.263589285714286,2183.66666666667,1633.33333333333,"v","C","N","Y","Eurosib./N-Am.",55,1,1,2,2,0,6,3,8,"Nardetea strictae","(2.6, 3.1, 3.3, 6.2, 6.3.2), 6.4, 6.5, 7.1, 9.1.1, 9.1.2, (9.2.4)",1,2,2,"aci","low","Dry",0
"Gnaphalium_sylvaticum","124.10.1.0","FR684","Gnaphalium_sylvaticum","Gnaphalium sylvaticum L.","Sexual","Sexual",4.26,0.5325,"8x","Poly","Even",56,0.0760714285714286,2178,1400,"v","H","N","Y","Eurosib./N-Am.",52,1,2,2,1,0,6,4,9,"Epilobietea angustifolii","2.6, 6.4, 7.1, (7.2. 9.1.1?)",1,2,2,"aci","med","Average",0
"Helichrysum_italicum","124.11.2.0","FR730","Helichrysum_italicum","Helichrysum italicum (Roth) G. Don","Sexual","Sexual",2.98,0.745,"4x","4x","Even",28,0.106428571428571,659,350,"t","C","N","Y","S-Eur.",2,2,0,0,0,0,6,2,7,"NEO_Rosmarinetea","3.2, (3.3), 6.2, 7.3",2,2,2,"bas","low","veryDry",0
"Antennaria_carpatica","124.12.2.0","FR293","Antennaria_carpatica","Antennaria carpatica (Wahlenb.) Bluff & Fingerh.","Sexual","Sexual",17.263,2.157875,"8x","Poly","Even",56,0.308267857142857,2528,1925,"v","H","N","Y","S-Eur.-Mont.",44,0,1,1,2,0,6,3,8,"Oxytropido-Elynion","(3.2), 6.5, (7.1)",2,2,2,"neu","low","Dry",0
"Leontopodium_nivale_subsp._alpinum","124.13.1.0","IT100a","Leontopodium_nivale_subsp._alpinum","Leontopodium alpinum Cass.","Sexual","Sexual",4.02633333333333,1.00658333333333,"4x","4x","Even",24,0.167763888888889,1952.33333333333,1633.33333333333,"v","H","N","Y","S-Eur.-Mont.",48,1,1,2,2,0,7,3,9,"Seslerion variae","(2.5, 3.2, 3.3), 6.5, (9.1.2)",2,1,0,"bas","low","Dry",0
"Inula_montana","124.16.10.0","FR193","Inula_montana","Inula montana L.","Sexual","Sexual",3.5,1.75,"2x","2x","Even",16,0.21875,1380,910,"v","H","N","Y","Medit.",15,2,2,1,0,0,6,3,8,"Ononidetalia","(2.5.2), 3.2, (3.3), 6.2, 6.7",2,2,0,"bas","low","veryDry",0
"Buphthalmum_salicifolium","124.19.1.0","A9","Buphthalmum_salicifolium","Buphthalmum salicifolium L.","Sexual","Sexual",5.278,2.639,"2x","2x","Even",20,0.2639,1074.8,1050,"v","H","N","Y","S-Eur.-Mont.",54,2,2,2,0,0,6,4,9,"Geranion sanguinei","(3.2, 3.3, 5.1), 6.2, (6.3.2, 6.5.1), 6.7, (7.1, 7.4.2, 8.2, 9.1.1, 9.2.3), 9.3",2,2,1,"bas","low","Dry",1
"Solidago_virgaurea","124.2.1.2","FR341","Solidago_virgaurea","Solidago virgaurea subsp. minuta (L.) Arcang.","Sexual","Sexual",2.5265,1.26325,"2x","2x","Even",18,0.140361111111111,2112.33333333333,1890,"v","H","N","Y","Eur.-Mont.",42,0,1,2,2,0,7,4,10,"Juncetea trifidi","(2.5, 3.3, 6.3.1), 6.5, 7.1, (7.2, 8.2)",2,2,2,"aci","med","Average",0
"Xerolekia_speciosissima","124.20.2.0","IT98","Xerolekia_speciosissima","Telekia speciosissima (L.) Less.","Sexual","Sexual",3.07,1.535,"2x","2x","Even",20,0.1535,801,1050,"v","H","Y","Y","E-Alp.",4,2,2,2,0,0,6,2,7,"Physoplexido-Potentillenion caulescentis","3.2, 3.3, 6.2, (7.4.2)",2,0,0,"bas","low","Dry",0
"Solidago_virgaurea_subsp._minuta","124.2.1.2","FR458","Solidago_virgaurea_subsp._minuta","Solidago virgaurea subsp. minuta (L.) Arcang.","Sexual","Sexual",2.58,1.29,"2x","2x","Even",18,0.143333333333333,2553,1890,"v","H","N","Y","Eur.-Mont.",42,0,1,2,2,0,7,4,10,"Juncetea trifidi","(2.5, 3.3, 6.3.1), 6.5, 7.1, (7.2, 8.2)",2,2,2,"aci","med","Average",0
"Xanthium_italicum","124.27.2.0","IT81","Xanthium_italicum","Xanthium italicum Moretti","Sexual","Sexual",4.87,1.2175,"4x","4x","Even",36,0.135277777777778,345,350,"a","T","N","N","?(-Subcosmop.)",16,2,0,0,0,0,7,4,10,"NEO_Bidentetea tripartitae","(2.1), 2.2, 2.5",2,2,2,"neu","hig","Average",0
"Bidens_bipinnata","124.23.5.0","IT75","Bidens_bipinnata","Bidens bipinnata L.","Sexual","Sexual",10.24,1.70666666666667,"6x","Poly","Even",72,0.142222222222222,145,350,"a","T","N","N","N-Am./E-Asiat.",20,2,0,0,0,0,7,3,9,"NEO_Stellarienea mediae","2.1, 2.2, (3.2, 7.4.2)",2,2,2,"neu","hig","Average",1
"Inula_salicina","124.16.4.0","FR185","Inula_salicina","Inula salicina L.","Sexual","Sexual",3.73,1.865,"2x","2x","Even",16,0.233125,1380,700,"v","H","N","Y","Eurasiat.",48,2,2,0,0,0,6,4,9,"Molinion","1.4, (2.6), 5.1, 6.2, 6.3.2, 6.7, (7.4.2, 9.1.1, 9.2.2, 9.3)",2,2,1,"bas","low","Average",1
"Pulicaria_dysenterica","124.17.2.0","MB94","Pulicaria_dysenterica","Pulicaria dysenterica (L.) Bernh.","Sexual","Sexual",2.135,1.0675,"2x","2x","Even",18,0.118611111111111,339.5,700,"v","H","N","Y","Medit.",50,2,2,0,0,0,7,4,10,"Potentillo-Polygonetalia","1.4, (2.2), 2.5.1, 6.3.2, 7.2, (9.2.2)",2,2,2,"neu","med","Wet",1
"Inula_spiraefolia","124.16.5.0","FR727","Inula_spiraefolia","Inula spiraeifolia L.","Sexual","Sexual",3.26,1.63,"2x","2x","Even",16,0.20375,609,700,"v","H","N","Y","S-Eur.",22,2,2,0,0,0,6,4,9,"Geranion sanguinei","3.1, 3.2, (3.5), 6.2, 6.7, 7.4.2, 9.3",2,1,0,"bas","low","veryDry",0
"Galinsoga_parviflora","124.28.1.0","IT74","Galinsoga_parviflora","Galinsoga parviflora Cav.","Sexual","Sexual",4.39,2.195,"2x","2x","Even",16,0.274375,145,583.333333333333,"a","T","N","N","S-Am.(-Cosmop.)",44,2,1,0,0,0,5,6,10,"Panico-Setarion","2.1.1, 2.2, 2.7",1,2,2,"aci","hig","Average",0
"Cota_tinctoria","124.30.7.1","FR608","Cota_tinctoria","Anthemis tinctoria L. subsp. tinctoria","Sexual","Sexual",9.79,4.895,"2x","2x","Even",18,0.543888888888889,1607.5,910,"b, v, t","H, C","N","Y","Eur./W-Asiat.",25,2,2,1,0,0,6,4,9,"Convolvulo-Agropyrion repentis","2.1, 2.2, (3.3, 6.2)",2,2,2,"neu","low","veryDry",0
"Eupatorium_cannabinum","124.1.1.0","IT71","Eupatorium_cannabinum","Eupatorium cannabinum L.","Sexual","Sexual",5.66,2.83,"2x","2x","Even",20,0.283,198,910,"v","H","N","Y","Eurasiat.",55,2,2,1,0,0,7,3,9,"Convolvuletalia sepium","(1.3, 1.4, 2.1.2, 2.2), 2.5.1, (2.6, 4.2, 5.1, 6.3.2), 7.2, (9.2.1, 9.2.2)",2,2,1,"bas","hig","Wet",0
"Laphangium_luteoalbum","124.10.6.0","CH157","Laphangium_luteoalbum","Gnaphalium luteoalbum L.","Sexual","Sexual",2.24,1.12,"2x","2x","Even",14,0.16,752,350,"a","T","N","Y","Cosmop.",26,2,0,0,0,0,6,4,9,"Isoëto-Nanojuncetea","1.4, 2.1, (2.6)",2,2,2,"neu","med","Wet",1
"Gnaphalium_supinum","124.10.4.0","FR660","Gnaphalium_supinum","Gnaphalium supinum L.","Sexual","Sexual",2.62,0.655,"4x","4x","Even",28,0.0935714285714286,2431,2575,"v","H","N","Y","Arct.-Alp.",44,0,0,1,2,1,7,2,8,"Salicion herbaceae","(2.5, 3.2), 3.3, 6.5, 6.6",1,2,2,"aci","low","Wet",0
"Petasites_paradoxus","124.42.3.0","CH13","Petasites_paradoxus","Petasites paradoxus (Retz.) Baumg.","Sexual","Sexual",12.39,3.0975,"4x","4x","Even",120,0.10325,657,1633.33333333333,"v","G","N","Y","S-Eur.-Mont.",47,1,1,2,2,0,3,3,5,"Petasitenion paradoxi","2.5, 3.3, (6.5.1, 7.2, 7.5, 9.1.1, 9.2.2)",2,1,0,"bas","low","Wet",1
"Homogyne_alpina","124.43.1.0","FR473","Homogyne_alpina","Homogyne alpina (L.) Cass.","Sexual","Sexual",14.685,2.4475,"6x","Poly","Even",120,0.122375,2532,1921.42857142857,"v","H","N","Y","S-Eur.-Mont.",51,1,1,2,2,1,5,3,7,"Piceetalia excelsae","(3.2, 3.3, 3.4, 4.1, 5.1, 6.3.1, 6.4), 6.5, (6.6), 7.1, (7.2, 8.1), 8.2, (9.1.1), 9.1.2",2,2,2,"neu","low","Average",0
"Artemisia_genipi","124.40.13.0","Italy, Valle dâ€™Aosta, Cogne de Scaletta","Artemisia_genipi","Artemisia genipi Weber","Sexual","Sexual",5.6,2.8,"2x","2x","Even",16,0.35,2280,2410,"v","C","Y","Y","Alp.",35,0,0,2,2,1,7,3,9,"Drabion hoppeanae","(2.5), 3.2, 3.3, 6.5",2,2,2,"neu","low","Dry",0
"Artemisia_vulgaris","124.40.1.0","CH137","Artemisia_vulgaris","Artemisia vulgaris L.","Sexual","Sexual",6.62,3.31,"2x","2x","Even",16,0.41375,894,910,"v","H","N","Y","Eurasiat.",54,2,2,1,0,0,7,4,10,"Artemisietea vulgaris","2.1, 2.2, 2.5, (7.2, 7.5, 9.2.2)",2,2,2,"neu","hig","Average",1
"Artemisia_nitida","124.40.11.0","J. Bot Gracilly, Italy","Artemisia_nitida","Artemisia nitida Bertol.","Sexual","Sexual",18.52,3.08666666666667,"6x","Poly","Even",54,0.342962962962963,2120,1610,"v","(H), C","N","Y","E-Alp./Apen.",9,0,2,2,1,0,8,2,9,"Potentillion caulescentis","3.2, 6.5",2,1,0,"bas","low","Dry",0
"Artemisia_glacialis","124.40.15.0","Italy, Valle dâ€™Aosta, Valnontey","Artemisia_glacialis","Artemisia glacialis L.","Sexual","Sexual",8.52,4.26,"2x","2x","Even",16,0.5325,2200,2410,"v","C","Y","Y","W-Alp.",10,0,0,2,2,1,7,2,8,"Asplenietea trichomanis","3.2, 3.3, (6.5)",2,2,2,"neu","low","Dry",0
"Artemisia_absinthium","124.40.3.0","CH138","Artemisia_absinthium","Artemisia absinthium L.","Sexual","Sexual",9.87,4.935,"2x","2x","Even",18,0.548333333333333,894,1050,"v, t","(H), C","N","Y","Eurasiat.",50,2,2,2,0,0,7,3,9,"Onopordetalia acanthii","(2.1), 2.2, (2.5.2, 2.6, 3.2, 3.3), 6.2, (7.4.2, 9.2.2); 2.9.1",2,2,2,"bas","hig","Dry",0
"Artemisia_umbelliformis_subsp._eriantha","124.40.12.0","France, Alpes-Maritimes, Pas des Ladres","Artemisia_umbelliformis_subsp._eriantha","Artemisia eriantha Ten.","Sexual","Sexual",6.36,3.18,"2x","2x","Even",18,0.353333333333333,2440,2100,"v","C","N","Y","S-Eur.-Mont.",6,0,0,2,2,0,6,3,8,"Saxifragenion pedemontanae","3.2, (3.3)",1,1,2,"aci","low","Dry",0
"Homogyne_sylvestris","124.43.3.0","MB45","Homogyne_sylvestris","Homogyne sylvestris (Scop.) Cass.","Sexual","Sexual",9.22,2.305,"4x","4x","Even",60,0.153666666666667,1146,1190,"v","H","N","Y","E-Alp./Illyr.",3,1,2,2,0,0,5,2,6,"Aremonio-Fagion","7.1, 7.4.2, 8.2, 9.1.2, 9.2.3",2,1,0,"bas","low","Dry",0
"Petasites_albus","124.42.1.0","IT26","Petasites_albus","Petasites albus (L.) Gaertn.","Sexual","Sexual",6.32,3.16,"2x","2x","Even",60,0.105333333333333,880,1050,"v","G","N","Y","Eurasiat.",52,1,2,1,0,0,3,3,5,"Arunco-Petasition","2.6, 3.3, 4.2, 7.2, 7.4.2, 9.1.2, (9.2.2), 9.2.3, (9.2.4), 9.2.5",2,2,2,"neu","hig","Wet",1
"Tussilago_farfara","124.41.1.0","FR709","Tussilago_farfara","Tussilago farfara L.","Sexual","Sexual",3.89,0.648333333333333,"6x","Poly","Even",60,0.0648333333333333,1581,1250,"v","G","N","Y","Eurasiat.",55,2,2,2,1,0,2,4,5,"Agropyretea intermedii-repentis","2.1, 2.2, 2.5, 2.6, 3.3, 3.5, (4.2, 6.3.2, 7.5)",2,2,2,"bas","med","Average",1
"Aster_alpinus","124.4.6.0","FR321","Aster_alpinus","Aster alpinus L.","Sexual","Sexual",7.73666666666667,3.86833333333333,"2x","2x","Even",18,0.429814814814815,1863.5,1633.33333333333,"v","H","N","Y","Arct.-Alp.",50,1,1,2,2,0,6,3,8,"Elyno-Seslerietea variae","(3.2, 6.2), 6.5, (7.1, 9.1.1)",2,2,2,"bas","low","Dry",0
"Doronicum_austriacum","124.46.1.0","A104","Doronicum_austriacum","Doronicum austriacum Jacq.","Sexual","Sexual",8.64,4.32,"2x","2x","Even",60,0.144,1650,1190,"v","G","N","Y","S-Eur.-Mont.",29,1,2,2,0,0,6,3,8,"Calamagrostietalia villosae","2.6, (3.4), 4.2, (7.1), 7.2, 8.1, 8.2, 9.1.2, 9.2.3",2,2,1,"bas","hig","Wet",0
"Arnica_montana","124.45.1.0","FR40","Arnica_montana","Arnica montana L.","Sexual","Sexual",3.348,0.837,"4x","4x","Even",38,0.0881052631578947,1947.16666666667,1633.33333333333,"v","H","N","Y","Eur.",53,1,1,2,2,0,6,3,8,"Nardion strictae","(5.1), 6.4, 6.5.1, 7.1, (7.2), 9.1.2",1,2,2,"aci","low","Average",1
"Adenostyles_alliariae","124.44.1.0","FR203","Adenostyles_alliariae","Adenostyles alliariae (Gouan) A. Kern.","Sexual","Sexual",18.7933333333333,4.69833333333333,"4x","4x","Even",38,0.494561403508772,1719,1750,"v","H","N","Y","S-Eur.-Mont.",50,0,1,2,1,0,6,4,9,"Adenostylion","(2.4, 3.3, 3.4, 4.2, 7.1), 7.2, 8.1, (8.2, 9.1.2, 9.2.3)",2,2,2,"neu","hig","Wet",0
"Adenostyles_leucophylla","124.44.3.0","FR631","Adenostyles_leucophylla","Adenostyles leucophylla (Willd.) Rchb.","Sexual","Sexual",19.105,4.77625,"4x","4x","Even",38,0.502763157894737,2337.75,1890,"v","H","Y","Y","W-Alp.",24,0,1,2,2,0,7,2,8,"Androsacetalia alpinae","3.3",1,1,2,"aci","low","Wet",0
"Adenostyles_alpina","124.44.2.0","FR437","Adenostyles_alpina","Adenostyles glabra (Mill.) DC.","Sexual","Sexual",18.78,4.695,"4x","4x","Even",38,0.494210526315789,1710,1470,"v","H","N","Y","S-Eur.-Mont.",53,1,1,2,1,0,6,3,8,"Petasition paradoxi","3.3, (4.2), 7.2, (8.2), 9.1.2, 9.2.3, 9.2.5",2,2,0,"bas","med","Wet",0
"Leucanthemum_adustum","124.39.2.1","FR250","Leucanthemum_adustum","Leucanthemum adustum (W. D. J. Koch) Gremli subsp. adustum","Sexual","Sexual",32.3015,4.2164375,"8x","Poly","Even",68.4,0.468493055555556,1923.3,1400,"v","H","N","Y","SW-Eur.-Mont.",34,1,2,2,1,0,6,3,8,"Seslerietalia variae","(2.2, 2.5.2, 3.2), 3.3, (6.2, 6.3.1), 6.5.1, 6.7, (7.1), 7.2, (7.4.2, 8.2, 9.1.1, 9.1.2, 9.2.3, 9.2.5)",2,2,1,"bas","low","Average",1
"Leucanthemopsis_alpina","124.37.1.0","FR688","Leucanthemopsis_alpina","Leucanthemopsis alpina (L.) Heywood","Sexual","Mixed",12.8131428571429,5.28692857142857,"2x","2x","Even",21.8571428571429,0.587436507936508,2512,2270,"v","H","N","Y","S-Eur.-Mont.",39,0,1,1,2,1,7,2,8,"Caricetalia curvulae","2.5, 3.2, 3.3, 6.5, 6.6, (7.1)",0,1,2,"aci","low","Average",0
"Leucanthemum_pallens","124.39.5.0","FR191","Leucanthemum_pallens","Leucanthemum pallens (J. Gay) DC.","Sexual","Sexual",28.47,4.745,"6x","Poly","Even",54,0.527222222222222,1380,700,"v","H","N","Y","Medit.",8,2,2,0,0,0,5,3,7,"Rosmarinetalia","(2.1.2, 2.2, 2.6), 6.2, 7.3, 9.3",2,1,0,"bas","low","veryDry",0
"Leucanthemum_atratum","124.39.8.3","FR296","Leucanthemum_atratum","Leucanthemum atratum subsp. coronopifolium (Vill.) Horvatic_'","Sexual","Sexual",27.21,4.535,"6x","Poly","Even",54,0.503888888888889,2378,1890,"v","H","Y","Y","W-Alp.",6,0,1,2,2,0,7,3,9,"Thlaspietalia rotundifolii","2.5, 3.2, 3.3, 4.2, 6.5.1, (8.2), 9.1.2",1,2,2,"neu","low","Average",0
"Leucanthemum_coronopifolium","124.39.8.3","FR444","Leucanthemum_coronopifolium","Leucanthemum atratum subsp. coronopifolium (Vill.) Horvatic_'","Sexual","Sexual",26.05,4.34166666666667,"6x","Poly","Even",54,0.482407407407407,2271.66666666667,1890,"v","H","Y","Y","W-Alp.",6,0,1,2,2,0,7,3,9,"Thlaspietalia rotundifolii","2.5, 3.2, 3.3, 4.2, 6.5.1, (8.2), 9.1.2",1,2,2,"neu","low","Average",0
"Leucanthemum_halleri","124.39.8.2","A63","Leucanthemum_halleri","Leucanthemum atratum subsp. halleri (Vitman) Heywood","Sexual","Sexual",10.85,5.425,"2x","2x","Even",18,0.602777777777778,1973,1925,"v","H","Y","Y","E-Alp.",20,0,1,1,2,0,7,3,9,"Thlaspion rotundifolii","(2.5), 3.3, (6.5.1)",2,0,0,"bas","low","Average",0
"Artemisia_umbelliformis_subsp._umbelliformis","124.40.10.0","FR698","Artemisia_umbelliformis_subsp._umbelliformis","Artemisia umbelliformis Lam.","Sexual","Sexual",14.08,3.52,"4x","4x","Even",16,0.88,2595,2575,"v","C","N","Y","Alp./Apen.",39,0,0,1,2,1,7,3,9,"Androsacenion vandellii","3.2, (3.3), 6.5",1,2,2,"neu","low","Average",0
"Arctium_lappa","124.56.2.0","FR140","Arctium_lappa","Arctium lappa L.","Sexual","Sexual",4.025,2.0125,"2x","2x","Even",36,0.111805555555556,1067.5,910,"b","H","N","Y","Eurasiat.",48,2,2,1,0,0,7,3,9,"Arction lappae","(1.4), 2.2, 2.5.1, 2.6, (7.4.2, 9.2.2, 9.2.5)",2,2,2,"neu","hig","Average",0
"Echinops_sphaerocephalus","124.54.1.0","TG-B","Echinops_sphaerocephalus","Echinops sphaerocephalus L.","Sexual","Sexual",8.31,4.155,"2x","2x","Even",30,0.277,1330,700,"v","H","N","Y","Eurasiat.",37,2,2,0,0,0,7,3,9,"Onopordion acanthii","2.1, 2.2, (2.5.2), 6.2, (7.4.2, 9.3); 2.9",2,2,1,"bas","hig","Dry",0
"Echinops_exaltatus","124.54.2.0","CH68","Echinops_exaltatus","Echinops exaltatus Schrad.","Sexual","Sexual",8.09,4.045,"2x","2x","Even",30,0.269666666666667,306,350,"v","H","N","N","SE-Eur.",5,2,0,0,0,0,6,3,8,"Arction lappae","2.1, 2.3, 2.5, (3.2, 7.4.2, 9.2.2)",2,2,1,"bas","hig","Wet",0
"Berardia_lanuginosa","124.55.1.0","FR251","Berardia_lanuginosa","Berardia subacaulis Vill.","Sexual","Sexual",3.01,0.7525,"4x","4x","Even",36,0.0836111111111111,1961,1890,"v","G","Y","Y","W-Alp.",8,0,1,2,2,0,7,2,8,"Thlaspion rotundifolii","(3.1), 3.3, (6.5.1)",2,2,0,"bas","low","Dry",0
"Echinops_ritro","124.54.3.0","FR481","Echinops_ritro","Echinops ritro L.","Sexual","Sexual",9.14,4.57,"2x","2x","Even",32,0.285625,1204,910,"v","H","N","Y","S-Eur./W-Asiat.",11,2,2,1,0,0,7,3,9,"Brachypodietalia phoenicoidis","2.1.2, 2.2, 6.2, 7.3",2,2,1,"bas","low","veryDry",0
"Jacobaea_abrotanifolia_subsp._abrotanifolia","124.48.22.0","IT101","Jacobaea_abrotanifolia_subsp._abrotanifolia","Senecio abrotanifolius L.","Sexual","Sexual",6.035,1.50875,"4x","4x","Even",40,0.150875,1906.5,1890,"v","H","N","Y","E-Alp./Illyr.",29,0,1,2,2,0,7,3,9,"Seslerion variae","(3.2, 3.3), 6.5.1, 7.1, 8.2, (9.1.1, 9.1.2)",2,2,2,"neu","med","Dry",0
"Jacobaea_incana_subsp._incana","124.48.2.1","FR692b","Jacobaea_incana_subsp._incana","Senecio incanus L. subsp. incanus","Sexual","Sexual",7.017625,1.75440625,"4x","4x","Even",40,0.175440625,2428.75,2410,"v","H","N","Y","W-Alp./Apen.",15,0,0,2,2,1,7,3,9,"Caricion curvulae","(2.5), 3.2, 3.3, 6.4, 7.1",0,1,2,"aci","low","Dry",0
"Jacobaea_incana_subsp._carniolica","124.48.2.2","A65","Jacobaea_incana_subsp._carniolica","Senecio incanus subsp. carniolicus (Willd.) Braun-Blanq.","Sexual","Sexual",17.05,1.42083333333333,"12x","Poly","Even",120,0.142083333333333,2110,2410,"v","H","N","Y","E-Alp./Carpat.",17,0,0,2,2,1,7,3,9,"Caricion curvulae","3.2, 3.3, 7.1",0,1,2,"aci","low","Dry",0
"Gnaphalium_hoppeanum","124.10.3.0","FR642","Gnaphalium_hoppeanum","Gnaphalium hoppeanum W. D. J. Koch","Sexual","Sexual",2.8225,0.705625,"4x","4x","Even",28,0.100803571428571,2557.25,2216.66666666667,"v","H","N","Y","S-Eur.-Mont.",43,0,0,1,2,0,7,2,8,"Arabidion caeruleae","(2.5), 3.3, (6.5.1, 6.6)",2,1,0,"bas","low","Average",0
"Tanacetum_corymbosum","124.35.2.1","A11","Tanacetum_corymbosum","Tanacetum corymbosum (L.) Sch. Bip. subsp. corymbosum","Sexual","Sexual",21.39,5.3475,"4x","4x","Even",36,0.594166666666667,453,700,"v","H","N","Y","Eur.",30,2,2,0,0,0,6,3,8,"Quercetalia pubescenti-sessiliflorae","2.6, (6.2), 6.7, 7.4.2, 9.1.1, 9.2.3, (9.2.4), 9.3",2,1,0,"bas","low","Dry",0
"Bellidastrum_michelii","124.4.7.0","FR415","Bellidastrum_michelii","Aster bellidiastrum (L.) Scop.","Sexual","Sexual",3.53,1.765,"2x","2x","Even",18,0.196111111111111,1811,1400,"v","H","N","Y","S-Eur.-Mont.",52,1,2,2,1,0,5,2,6,"Elyno-Seslerietea variae","(3.2, 3.3), 4.1, (4.2), 5.1, 6.2, (8.2, 9.1.1, 9.2.3, 9.2.5?)",2,2,1,"bas","low","Average",1
"Doronicum_clusii","124.46.8.2","A64","Doronicum_clusii","Doronicum clusii subsp. villosum (Tausch) Vierh.","Sexual","Sexual",18.76,4.69,"4x","4x","Even",120,0.156333333333333,2110,2100,"v","G","N","Y","E-Alp./Carpat.",3,0,0,2,2,0,7,3,9,"Androsacion alpinae","3.2, 3.3",1,1,2,"aci","low","Average",0
"Doronicum_grandiflorum","124.46.6.0","FR689","Doronicum_grandiflorum","Doronicum grandiflorum Lam.","Sexual","Sexual",9.10555555555556,4.55277777777778,"2x","2x","Even",60,0.151759259259259,2471.11111111111,2575,"v","G","N","Y","S-Eur.-Mont.",49,0,0,1,2,1,7,2,8,"Thlaspietalia rotundifolii","(3.2), 3.3, (6.5.1, 6.6)",2,2,1,"bas","med","Average",0
"Doronicum_pardalianches","124.46.4.0","CH22","Doronicum_pardalianches","Doronicum pardalianches L.","Sexual","Sexual",7.04,3.52,"2x","2x","Even",60,0.117333333333333,282,700,"v","G","N","Y","W-Eur.",20,2,2,0,0,0,5,3,7,"Fagetalia sylvaticae","(2.6, 2.7, 4.2, 9.2.2), 9.2.3, 9.2.4; 2.9.2",2,2,2,"neu","hig","Average",0
"Tanacetum_parthenium","124.35.3.0","CH170","Tanacetum_parthenium","Tanacetum parthenium (L.) Sch. Bip.","Sexual","Sexual",4.77,2.385,"2x","2x","Even",18,0.265,1356,700,"v","H","N","N","SE-Eur./SW-Asiat.",45,2,2,0,0,0,6,4,9,"NEO_Arction lappae","(2.1), 2.2, (2.5, 2.7, 3.2), 7.4.2; 2.9",2,2,2,"neu","hig","Average",0
"Senecio_squalidus_subsp._rupestris","124.48.21.0","IT104","Senecio_squalidus_subsp._rupestris","Senecio rupestris Waldst. & Kit.","Sexual","Sexual",1.75,0.875,"2x","2x","Even",20,0.0875,1400,1400,"a, b, v","T, H","N","Y","SE-Eur.-Mont.",27,1,2,2,1,0,6,3,8,"Thlaspietea rotundifolii","2.1, 2.4, 2.5.1, 2.6, 3.1, 3.2, 3.3, (6.7, 7.4.2), 8.2, (9.1.2)",2,2,1,"neu","hig","Average",0
"Senecio_viscosus","124.48.26.0","FR620","Senecio_viscosus","Senecio viscosus L.","Sexual","Sexual",4.875,1.21875,"4x","4x","Even",40,0.121875,1612.5,1050,"a","T","N","Y","Eur.",50,2,2,2,0,0,6,4,9,"Androsacetalia vandellii","(2.2, 2.4, 2.5.2), 2.6, 3.1, (3.2), 3.3, (3.5)",1,2,2,"neu","med","Dry",0
"Senecio_ovatus","124.48.8.1","FR571","Senecio_ovatus","Senecio ovatus (P. Gaertn. & al.) Willd. subsp. ovatus","Sexual","Sexual",11.63,2.9075,"4x","4x","Even",40,0.29075,1380,910,"v","H","N","Y","E-Eur.",27,2,2,1,0,0,7,3,9,"Atropetalia bella-donae","2.6, (4.2, 6.3), 6.7, 7.2, (8.1, 8.2, 9.1.2), 9.2.3",2,2,2,"neu","hig","Average",0
"Tephroseris_integrifolia","124.49.1.0","A38","Tephroseris_integrifolia","Tephroseris integrifolia (L.) Holub","Sexual","Sexual",9.56,2.39,"4x","4x","Even",48,0.199166666666667,1242,1250,"v","H","N","Y","Eurosib.",8,2,2,2,1,0,5,3,7,"Festuco-Brometea","6.2, (6.7, 7.4.2)",2,1,0,"bas","low","Dry",0
"Jacobaea_aquatica","124.48.18.0","CH73","Jacobaea_aquatica","Senecio aquaticus Hill","Sexual","Sexual",4.43,1.1075,"4x","4x","Even",40,0.11075,746,583.333333333333,"b, (v)","H","N","Y","W-Eur.",34,2,1,0,0,0,6,5,10,"Molinietalia caeruleae","1.4, 5.1, 6.3.2, (9.2.2)",2,2,1,"neu","hig","Wet",1
"Calendula_tripterocarpa","124.51","FR604","Calendula_tripterocarpa","Calendula arvensis L.","Sexual","Sexual",3.16,1.05333333333333,"3x","3x","Odd",30,0.105333333333333,1233,350,"a, (b)","T, (H)","N","N","Medit.",14,2,0,0,0,0,4,9,12,"Stellarietea mediae","2.1, (2.2)",2,2,0,"bas","med","veryDry",0
"Carlina_acanthifolia","124.52.5.0","FR713","Carlina_acanthifolia","Carlina acanthifolia All.","Sexual","Sexual",11.38,5.69,"2x","2x","Even",20,0.569,1133,1050,"v","H","N","Y","SW-Eur.-Mont.",13,2,2,2,0,0,7,3,9,"Ononidetalia","(3.3), 6.2, (6.7, 9.1.1, 9.1.2)",2,2,1,"neu","med","veryDry",0
"Carlina_acaulis","124.52.4.1","FR712","Carlina_acaulis","Carlina acaulis L. subsp. acaulis","Sexual","Sexual",10.875,5.4375,"2x","2x","Even",20,0.54375,1582.5,1400,"v","H","N","Y","SE-Eur.-Mont.",35,1,2,2,1,0,6,4,9,"Mesobromion","(2.2), 6.2, (6.4?), 6.5.1, (6.7, 7.1, 7.2, 8.2, 9.1.1)",2,2,1,"neu","low","Dry",0
"Jacobaea_erucifolia","124.48.20.0","FR349","Jacobaea_erucifolia","Senecio erucifolius L.","Sexual","Sexual",4.785,1.19625,"4x","4x","Even",40,0.119625,1389.5,700,"v","H","N","Y","Eurasiat.",43,2,2,0,0,0,6,4,9,"Artemisietea vulgaris","2.1, (2.6, 3.3, 3.5), 6.2, 6.3, 6.6, (7.4.2, 9.2.2)",2,2,1,"bas","med","Dry",1
"Jacobaea_alpina_subsp._alpina","124.48.15.0","CH117","Jacobaea_alpina_subsp._alpina","Senecio alpinus (L.) Scop.","Sexual","Sexual",4.63,1.1575,"4x","4x","Even",40,0.11575,1863,1470,"v","H","N","Y","Alp./Apen.",34,1,1,2,1,0,7,3,9,"Rumicion alpini","2.4, 4.1, (6.3.1), 7.2, 8.1",2,2,1,"bas","hig","Wet",1
"Xeranthemum_annuum","124.53.1.0","CH161","Xeranthemum_annuum","Xeranthemum annuum L.","Sexual","Sexual",2.21,1.105,"2x","2x","Even",12,0.184166666666667,920,350,"a","T","N","N","S-Eur./W-Asiat.",2,2,0,0,0,0,6,4,9,"NEO_Artemisietea vulgaris","2.2, (2.5.2), 6.2; (2.9.2)",2,2,2,"neu","low","veryDry",0
"Senecio_doronicum","124.48.14.1","FR356","Senecio_doronicum","Senecio doronicum (L.) L. subsp. doronicum","Sexual","Sexual",16.072,2.08058333333333,"8x","Poly","Even",77.3333333333333,0.208058333333333,2135,1890,"v","H","N","Y","S-Eur.-Mont.",45,0,1,2,2,0,7,2,8,"Elyno-Seslerietea variae","(3.2), 3.3, 6.5, 7.1, 8.2",2,2,1,"bas","low","Average",0
"Hieracium_froelichianum","124.99","FR120","Hieracium_froelichianum","Hieracium bifidum aggr.","Apomictic","Apomictic",11.01,3.67,"3x","3x","Odd",27,0.407777777777778,1985,1550,"v","H","N","Y","Eur.",51,1,2,2,2,0,6,3,8,"Seslerion variae","(2.5.2), 3.2, 3.3, 6.2, 6.5.1, 6.7, (7.1, 9.1.1, 9.1.2, 9.2.3)",2,2,1,"bas","low","Dry",0
"Hieracium_glaucopsis","124.99","FR328","Hieracium_glaucopsis","Hieracium villosum Jacq.","Apomictic","Apomictic",11.44,3.81333333333333,"3x","3x","Odd",27,0.423703703703704,1890,1890,"v","H","N","Y","SE-Eur.-Mont.",49,0,1,2,2,0,7,2,8,"Elyno-Seslerietea variae","(3.2), 3.3, (3.4), 6.5.1, (7.1, 7.2, 8.2)",2,1,0,"bas","low","Average",0
"Hieracium_lactucella","124.99.7.0","FR91","Hieracium_lactucella","Hieracium lactucella Wallr.","Sexual","Sexual",4.81,2.405,"2x","2x","Even",18,0.267222222222222,2184,1250,"v","H","N","Y","Eur.",51,2,2,2,1,0,5,5,9,"Nardetea strictae","(2.2, 2.5.1, 2.7, 3.3, 3.5, 5.1), 6.2, 6.3, 6.4, 6.5.1, (7.1)",2,2,2,"aci","low","Average",1
"Hieracium_valdepilosum","124.99","A124","Hieracium_valdepilosum","Hieracium villosum Jacq.","Apomictic","Apomictic",11.34,3.78,"3x","3x","Odd",27,0.42,1954,1890,"v","H","N","Y","SE-Eur.-Mont.",49,0,1,2,2,0,7,2,8,"Elyno-Seslerietea variae","(3.2), 3.3, (3.4), 6.5.1, (7.1, 7.2, 8.2)",2,1,0,"bas","low","Average",0
"Schlagintweitia_huteri_subsp._lantoscana","124.99","FR667","Schlagintweitia_huteri_subsp._lantoscana","Hieracium intybaceum All.","Sexual","Sexual",7.25,3.625,"2x","2x","Even",18,0.402777777777778,2354,1890,"v","H","S","Y","Alp.",29,0,1,2,2,0,7,2,8,"Androsacenion vandellii","(2.5.1, 3.1), 3.2, 3.3, (6.5.1, 7.1, 9.1.2)",0,1,2,"aci","low","Dry",0
"Hieracium_ramosissimums_subsp._lactucifolium","124.99","FR580","Hieracium_ramosissimums_subsp._lactucifolium","Hieracium amplexicaule L.","Apomictic","Apomictic",10.94,3.64666666666667,"3x","3x","Odd",27,0.405185185185185,2100,1400,"v","H","N","Y","Medit.-Mont.",52,1,2,2,1,0,5,4,8,"Asplenietea trichomanis","3.2, (3.3, 6.5.1)",2,2,2,"neu","low","Dry",0
"Hieracium_cydoniifolium","124.99","FR20","Hieracium_cydoniifolium","Hieracium villosum Jacq.","Apomictic","Apomictic",11.88,3.96,"3x","3x","Odd",27,0.44,1847,1890,"v","H","N","Y","SE-Eur.-Mont.",49,0,1,2,2,0,7,2,8,"Elyno-Seslerietea variae","(3.2), 3.3, (3.4), 6.5.1, (7.1, 7.2, 8.2)",2,1,0,"bas","low","Average",0
"Crepis_terglouensis","124.97.3.0","A88","Crepis_terglouensis","Crepis terglouensis (Hacq.) A. Kern.","Sexual","Sexual",4.73,2.365,"2x","2x","Even",12,0.394166666666667,2270,2216.66666666667,"v","H","Y","Y","E-Alp.",23,0,0,1,2,0,7,2,8,"Thlaspion rotundifolii","(3.2), 3.3, (3.4, 6.5)",2,1,0,"bas","low","Average",0
"Crepis_vesicaria","124.97.27.1","FR432","Crepis_vesicaria","Crepis vesicaria L. subsp. vesicaria","Apomictic","Mixed",3.4675,1.73375,"2x","2x","Even",8,0.4334375,1063,583.333333333333,"a, b","T, H","N","Y","Medit.",8,2,1,0,0,0,5,3,7,"Sisymbrietalia","2.1, 2.2",2,2,2,"neu","hig","veryDry",0
"Crepis_capillaris","124.97.24.0","CH76","Crepis_capillaris","Crepis capillaris Wallr.","Sexual","Sexual",4.43,2.215,"2x","2x","Even",6,0.738333333333333,423,910,"a, b","T, H","N","Y","Eur.",49,2,2,1,0,0,6,4,9,"Cynosurion","2.1, 2.2, (2.5), 2.7, (3.2), 6.3.1",2,2,2,"neu","med","Average",0
"Pilosella_glacialis","124.99.8.0","FR107","Pilosella_glacialis","Hieracium angustifolium Hoppe","Sexual","Sexual",4.68,2.34,"2x","2x","Even",18,0.26,2119,2100,"v","H","Y","Y","Alp.",31,0,0,2,2,0,7,2,8,"Juncetea trifidi","(3.3), 6.5.1, (7.1)",1,2,2,"aci","low","Dry",0
"Schlagintweitia_intybacea","124.99.32.0","CH123","Schlagintweitia_intybacea","Hieracium intybaceum All.","Sexual","Sexual",7.68,3.84,"2x","2x","Even",18,0.426666666666667,2383,1890,"v","H","S","Y","Alp.",29,0,1,2,2,0,7,2,8,"Androsacenion vandellii","(2.5.1, 3.1), 3.2, 3.3, (6.5.1, 7.1, 9.1.2)",0,1,2,"aci","low","Dry",0
"Hieracium_prenanthoides","124.99.37.0","FR572","Hieracium_prenanthoides","Hieracium prenanthoides aggr.","Sexual","Sexual",7.32,3.66,"2x","2x","Even",18,0.406666666666667,1380,1750,"v","H","N","Y","Eur./W-Asiat.",48,0,1,2,1,0,6,3,8,"Calamagrostietalia villosae","(2.7), 6.3.1, (7.1), 7.2, (7.4.2), 8.1, 8.2, (9.1.2, 9.2.3)",2,2,2,"neu","hig","Average",0
"Hieracium_amplexicaule","124.99.31.0","FR135","Hieracium_amplexicaule","Hieracium amplexicaule L.","Apomictic","Apomictic",10.957,3.65233333333333,"3x","3x","Odd",27,0.405814814814815,1953.5,1400,"v","H","N","Y","Medit.-Mont.",52,1,2,2,1,0,5,4,8,"Asplenietea trichomanis","3.2, (3.3, 6.5.1)",2,2,2,"neu","low","Dry",0
"Crepis_rhaetica","124.97.6.0","CH153","Crepis_rhaetica","Crepis rhaetica Hegetschw.","Sexual","Sexual",8.73,4.365,"2x","2x","Even",8,1.09125,2788,2575,"v","H","Y","Y","Alp.",8,0,0,1,2,1,7,2,8,"Drabion hoppeanae","3.2, 3.3, 6.5",2,2,0,"bas","low","Wet",0
"Crepis_aurea","124.97.7.0","FR546","Crepis_aurea","Crepis aurea (L.) Cass.","Sexual","Sexual",4.09,2.045,"2x","2x","Even",10,0.409,2601,1890,"v","H","N","Y","S-Eur.-Mont.",45,0,1,2,2,0,6,4,9,"Poion alpinae","2.4, (2.5, 3.3), 6.3.1, 6.5.1, (6.6)",2,2,2,"neu","hig","Average",0
"Pilosella_hoppeana","124.99.2.0","A78","Pilosella_hoppeana","Hieracium hoppeanum Schult.","Sexual","Sexual",3.81,1.905,"2x","2x","Even",18,0.211666666666667,2149,1400,"v","H","N","Y","SE-Eur.-Mont./SW-Asiat.",31,1,2,2,1,0,5,4,8,"Juncetea trifidi","6.2, 6.5.1, (6.7, 7.4.2)",2,2,2,"neu","low","Dry",0
"Hieracium_humile","124.99.30.0","FR427","Hieracium_humile","Hieracium humile Jacq.","Apomictic","Apomictic",10.79,3.59666666666667,"3x","3x","Odd",27,0.39962962962963,1514,1400,"v","H","N","Y","S-Eur.-Mont.",46,1,2,2,1,0,6,3,8,"Potentilletalia caulescentis","3.2, (3.3, 6.2)",2,1,0,"bas","low","Dry",0
"Hieracium_villosum","124.99.24.0","FR500","Hieracium_villosum","Hieracium villosum Jacq.","Apomictic","Apomictic",11.5713333333333,3.85711111111111,"3x","3x","Odd",27,0.428567901234568,1880.66666666667,1890,"v","H","N","Y","SE-Eur.-Mont.",49,0,1,2,2,0,7,2,8,"Elyno-Seslerietea variae","(3.2), 3.3, (3.4), 6.5.1, (7.1, 7.2, 8.2)",2,1,0,"bas","low","Average",0
"Pilosella_piloselloides","124.99.10.0","IT28","Pilosella_piloselloides","Hieracium piloselloides Vill.","Sexual","Sexual",9.45,2.3625,"4x","4x","Even",36,0.2625,243,1050,"v","H","N","Y","E-Eur.",50,2,2,2,0,0,5,4,8,"Epilobietalia fleischeri","2.2, 2.5.2, (3.1, 3.2, 3.3, 3.5), 6.2, (6.7, 7.4.2, 9.1.1)",2,2,1,"bas","low","Dry",0
"Tolpis_staticifolia","124.99.1.0","FR218","Tolpis_staticifolia","Hieracium staticifolium All.","Sexual","Sexual",5.147,2.5735,"2x","2x","Even",18,0.285944444444444,1831,1550,"v","H","N","Y","S-Eur.-Mont.",48,1,2,2,2,0,6,3,8,"Epilobion fleischeri","2.5, (3.2), 3.3, (7.5, 9.1.1)",2,2,2,"neu","low","Dry",1
"Hieracium_lawsonii","124.99.23.0","FR700","Hieracium_lawsonii","Hieracium lawsonii Vill.","Apomictic","Apomictic",11.03,3.67666666666667,"3x","3x","Odd",27,0.408518518518519,2560,1190,"v","H","N","Y","SW-Eur.-Mont.",10,1,2,2,0,0,6,3,8,"Potentilletalia caulescentis","3.2, (3.3)",2,2,1,"neu","low","Dry",0
"Hieracium_piliferum","124.99.26.0","FR322a","Hieracium_piliferum","Hieracium piliferum aggr.","Apomictic","Apomictic",11.3055,3.7685,"3x","3x","Odd",27,0.418722222222222,1940.5,2216.66666666667,"v","H","N","Y","S-Eur.-Mont.",39,0,0,1,2,0,7,2,8,"Caricetalia curvulae","(3.2, 3.3), 6.5, 7.1",0,1,2,"aci","low","Dry",0
"Crepis_pontana","124.97.9.0","A129","Crepis_pontana","Crepis bocconei P. D. Sell","Sexual","Sexual",12.64,6.32,"2x","2x","Even",10,1.264,2087,1750,"v","H","N","Y","S-Eur.-Mont.",35,0,1,2,1,0,6,3,8,"Caricion ferrugineae","(2.6), 6.5.1, (7.1), 7.2",2,2,1,"bas","med","Average",0
"Hieracium_tomentosum","124.99.28.0","FR231","Hieracium_tomentosum","Hieracium tomentosum L.","Apomictic","Apomictic",10.95,3.65,"3x","3x","Odd",27,0.405555555555556,1421,1050,"v","H","N","Y","W-Alp./Apen.",15,2,2,2,0,0,5,3,7,"Potentillion caulescentis","3.2, (3.3), 6.2, 6.5.1, 9.1.1",2,1,0,"neu","low","veryDry",0
"Hieracium_alpinum","124.99.29.0","MB78","Hieracium_alpinum","Hieracium alpinum L.","Apomictic","Apomictic",12.03,4.01,"3x","3x","Odd",27,0.445555555555556,2036,2183.33333333333,"v","H","N","Y","Arct.-Alp.",44,0,1,2,2,1,7,2,8,"Caricetalia curvulae","(3.2, 3.3), 6.5.1, 7.1",0,1,2,"aci","low","Average",0
"Hieracium_bifidum","124.99.18.0","CH42","Hieracium_bifidum","Hieracium bifidum aggr.","Apomictic","Apomictic",10.58,3.52666666666667,"3x","3x","Odd",27,0.391851851851852,348,1550,"v","H","N","Y","Eur.",51,1,2,2,2,0,6,3,8,"Seslerion variae","(2.5.2), 3.2, 3.3, 6.2, 6.5.1, 6.7, (7.1, 9.1.1, 9.1.2, 9.2.3)",2,2,1,"bas","low","Dry",0
"Pilosella_peleteriana","124.99.3.0","FR96","Pilosella_peleteriana","Hieracium peletierianum Mérat","Sexual","Sexual",3.595,1.7975,"2x","2x","Even",18,0.199722222222222,2044,1250,"v","H","N","Y","W-Eur.",16,2,2,2,1,0,5,4,8,"Sedo-Scleranthetalia","(2.2, 3.1, 3.2), 3.3, 6.2, 6.5.1, (6.7, 7.1, 9.1.1, 9.1.2)",0,1,2,"aci","low","Dry",0
"Hieracium_murorum","124.99.16.0","IT11","Hieracium_murorum","Hieracium murorum aggr.","Apomictic","Apomictic",10.933,3.64433333333333,"3x","3x","Odd",27,0.404925925925926,1747.5,1250,"v","H","N","Y","Eur./W-Asiat.",53,2,2,2,1,0,5,4,8,"Carpino-Fagetea sylvaticae","(2.5.2), 2.7, 3.2, 3.3, (3.4, 3.5, 6.5, 7.1, 7.2), 7.4.2, 9.1, 9.2, 9.3",2,2,2,"neu","med","Dry",0
"Achillea_erba-rotta","124.31.2.1","FR673","Achillea_erba-rotta","Achillea erba-rotta All. subsp. erba-rotta","Sexual","Sexual",7.99,3.995,"2x","2x","Even",18,0.443888888888889,2465,2100,"v","H","Y","Y","W-Alp.",6,0,0,2,2,0,7,2,8,"Androsacion alpinae","3.2, 3.3, 6.5",0,1,2,"aci","low","Average",0
"Pilosella_officinarum","124.99.4.0","FR447","Pilosella_officinarum","Hieracium pilosella L.","Apomictic","Apomictic",7.25,1.8125,"4x","4x","Even",36,0.201388888888889,997,1400,"v","H","N","Y","Eurosib.",54,2,2,2,2,0,5,6,10,"Festuco-Brometea","2.2, 2.5.2, (2.7), 3.1, (3.2, 3.3), 3.5, (5.2), 6.2, (6.3.1), 6.4, 6.5.1, (7.1, 7.4.2), 9.1.1",2,2,2,"neu","low","Dry",0
"Achillea_oxyloba","124.31.1.0","A93","Achillea_oxyloba","Achillea oxyloba (DC.) Sch. Bip.","Sexual","Sexual",7.94,3.97,"2x","2x","Even",18,0.441111111111111,2219,2183.33333333333,"v","H","Y","Y","E-Alp.",10,0,1,2,2,1,7,3,9,"Thlaspietalia rotundifolii","(2.5, 3.2), 3.3, (6.5)",2,1,0,"bas","low","Average",0
"Achillea_nobilis","124.31.19.1","CH163","Achillea_nobilis","Achillea nobilis L. subsp. nobilis","Sexual","Sexual",5.11,2.555,"2x","2x","Even",18,0.283888888888889,538,350,"v","H","N","Y","S-Eur./W-Asiat.",14,2,0,0,0,0,7,3,9,"Festuco-Brometea","(2.1.2, 2.2, 3.2, 3.3), 6.2, (6.3.1, 6.7, 7.4.2)",2,2,1,"bas","low","Dry",0
"Achillea_nana","124.31.3.0","FR539","Achillea_nana","Achillea nana L.","Sexual","Sexual",7.87,3.935,"2x","2x","Even",18,0.437222222222222,2525.5,2575,"v","H","Y","Y","W-Alp.",24,0,0,1,2,1,7,3,9,"Drabion hoppeanae","(2.5, 3.2), 3.3, (6.5)",1,1,2,"neu","low","Average",0
"Crepis_pygmaea","124.97.2.0","FR278","Crepis_pygmaea","Crepis pygmaea L.","Sexual","Sexual",6.325,3.1625,"2x","2x","Even",12,0.527083333333333,2576.5,1890,"v","G, H","N","Y","SW-Eur.-Mont.",19,0,1,2,2,0,7,2,8,"Thlaspietalia rotundifolii","(3.2), 3.3",2,1,0,"bas","low","Average",0
"Cota_triumfettii","124.30.8.0","CH75","Cota_triumfettii","Anthemis triumfettii (L.) DC.","Sexual","Sexual",11.82,5.91,"2x","2x","Even",18,0.656666666666667,550,700,"(a), b, v","(T), H, (C)","N","Y","S-Eur.",9,2,2,0,0,0,6,3,8,"Geranion sanguinei","(3.2, 3.3, 6.2), 6.7, 7.4.2, 9.3",1,1,2,"neu","med","veryDry",0
"Crepis_tectorum","124.97.19.0","CH167","Crepis_tectorum","Crepis tectorum L.","Sexual","Sexual",4.5,2.25,"2x","2x","Even",8,0.5625,324,700,"a","T","N","Y","Eurasiat.",19,2,2,0,0,0,5,4,8,"Sisymbrion","2.1, 2.2, (2.5.2), 3.1, (3.2)",2,2,2,"neu","hig","veryDry",0
"Scorzonera_humilis","124.85.6.0","CH44","Scorzonera_humilis","Scorzonera humilis L.","Sexual","Sexual",12.48,6.24,"2x","2x","Even",14,0.891428571428571,978,910,"v","H","N","Y","Eur.",26,2,2,1,0,0,5,3,7,"Molinietalia caeruleae","5.1, 6.3.2, 6.4, (6.7, 7.1, 9.1.1)",2,2,1,"neu","low","Average",1
"Prenanthes_purpurea","124.91.1.0","FR527","Prenanthes_purpurea","Prenanthes purpurea L.","Sexual","Sexual",8.17,4.085,"2x","2x","Even",18,0.453888888888889,1289,1050,"v","H","N","Y","Eur.",55,2,2,2,0,0,7,3,9,"Fagetalia sylvaticae","(2.5), 2.6, 4.2, (7.1), 7.2, (8.1, 8.2, 9.1.1), 9.1.2, (9.2.2), 9.2.3, (9.2.4), 9.2.5",2,2,2,"neu","med","Average",0
"Taraxacum_officinale","124.93.15.0","FR402","Taraxacum_officinale","Taraxacum officinale aggr.","Apomictic","Apomictic",2.8,0.933333333333333,"3x","3x","Odd",24,0.116666666666667,1291,1250,"v","H","N","Y","Eurosib.(-Cosmop.)",55,2,2,2,1,0,4,8,11,"Arrhenatheretalia elatioris","2.1, 2.2, (2.3, 2.5), 2.6, (3.3, 4.1, 4.2, 5.1), 6.3, (6.5.1, 6.7, 9.2.2)",2,2,2,"neu","hig","Average",0
"Lactuca_serriola","124.89.3.0","FR152","Lactuca_serriola","Lactuca serriola L.","Sexual","Sexual",6.12,1.53,"4x","4x","Even",18,0.34,758.5,700,"a, b","T, H","N","Y","Eurasiat.",48,2,2,0,0,0,7,3,9,"Onopordetalia acanthii","2.1, 2.2, 2.5.2, (3.2), 3.5, 6.7, (7.4.2, 9.1.1)",2,2,1,"bas","med","Dry",0
"Cicerbita_alpina","124.90.1.0","A85","Cicerbita_alpina","Cicerbita alpina (L.) Wallr.","Sexual","Sexual",12,6,"2x","2x","Even",17,0.708020833333333,1537.5,1516.66666666667,"v","H","N","Y","Eur.-Mont.",47,0,1,2,0,0,6,3,8,"Adenostylion","2.6, 4.2, (6.3.1), 7.2, (7.4.2), 8.1, (8.2, 9.1.2, ",2,2,2,"neu","hig","Wet",0
"Lactuca_perennis","124.89.7.0","FR117","Lactuca_perennis","Lactuca perennis L.","Sexual","Sexual",4.865,2.4325,"2x","2x","Even",18,0.270277777777778,1852,910,"v","H","N","Y","Eur.",38,2,2,1,0,0,5,3,7,"Festuco-Brometea","(2.1, 2.2), 3.1, 3.2, 3.3, (3.5), 6.2, (6.7, 9.1.1, 9.3)",2,2,1,"bas","low","veryDry",0
"Crepis_paludosa","124.97.1.0","CH112","Crepis_paludosa","Crepis paludosa (L.) Moench","Sexual","Sexual",9.42,4.71,"2x","2x","Even",12,0.785,1262.5,1190,"v","H","N","Y","Eurasiat.",52,1,2,2,0,0,6,2,7,"Calthion palustris","(3.2), 4.1, 4.2, 5.1, 6.3.2, 7.2, 9.2.1, 9.2.2",2,2,2,"neu","med","Wet",1
"Crepis_conyzifolia","124.97.10.0","A122","Crepis_conyzifolia","Crepis conyzifolia (Gouan) A. Kern.","Sexual","Sexual",7.16,3.58,"2x","2x","Even",8,0.895,2003,1750,"v","H","N","Y","Eurasiat.",42,0,1,2,1,0,6,4,9,"Festucion variae","(2.6, 3.2), 6.3.1, 6.5.1, (6.7, 7.1), 7.2, (9.1.2)",1,1,2,"aci","med","Average",0
"Crepis_pyrenaica","124.97.11.0","FR494","Crepis_pyrenaica","Crepis pyrenaica (L.) Greuter","Sexual","Sexual",5.145,2.5725,"2x","2x","Even",8,0.643125,1906,1516.66666666667,"v","H","N","Y","S-Eur.-Mont.",48,0,1,2,0,0,6,3,8,"Calamagrostietalia villosae","(2.6), 6.3.1, 6.7, (7.1), 7.2, 8.2, (9.1.2), 9.2.3, 9.2.5",2,2,2,"bas","hig","Wet",0
"Lactuca_muralis","124.92.1.0","FR159","Lactuca_muralis","Mycelis muralis (L.) Dumort.","Sexual","Sexual",3.89,1.945,"2x","2x","Even",18,0.216111111111111,1510.5,910,"v","H","N","Y","Eurasiat.",54,2,2,1,0,0,7,3,9,"Carpino-Fagetea sylvaticae","(2.2), 2.3, 2.5.1, 2.6, (3.2, 7.2, 7.4.2), 9.1.2, (9.2.2), 9.2.3, 9.2.5, (9.3), 9.5",2,2,2,"neu","hig","Average",0
"Chondrilla_juncea","124.94.1.0","CH133","Chondrilla_juncea","Chondrilla juncea L.","Apomictic","Mixed",3.37,1.12333333333333,"3x","3x","Odd",15,0.224666666666667,600,700,"v","H","N","Y","Medit.",30,2,2,0,0,0,6,3,8,"Convolvulo-Agropyrion repentis","2.1, 2.2, (2.5.2, 3.1, 3.2), 6.2, (6.7, 9.1.1)",2,2,1,"neu","med","veryDry",0
"Tragopogon_pratensis","124.86.4.3","FR316","Tragopogon_pratensis","Tragopogon pratensis subsp. orientalis (L.) $Celak.","Sexual","Sexual",5.30425,2.652125,"2x","2x","Even",12,0.442020833333333,1906.75,910,"b, v","T, H","N","Y","Eurasiat.",46,2,2,1,0,0,5,3,7,"Arrhenatheretalia elatioris","(2.2, 6.2), 6.3.1",2,2,2,"neu","med","Dry",0
"Tragopogon_dubius","124.86.3.0","FR722","Tragopogon_dubius","Tragopogon dubius Scop.","Sexual","Sexual",4.96,2.48,"2x","2x","Even",12,0.413333333333333,919,910,"b","H","N","Y","Medit.",27,2,2,1,0,0,5,2,6,"Convolvulo-Agropyrion repentis","2.1, 2.2, (2.5.2, 3.2, 3.5), 6.2, (6.7)",2,2,2,"neu","hig","veryDry",0
"Achillea_millefolium","124.31.11.1","FR253","Achillea_millefolium","Achillea millefolium L. subsp. millefolium","Sexual","Sexual",15.6018571428571,2.60030952380952,"6x","Poly","Even",54,0.28892328042328,1856.71428571429,1250,"v","H","N","Y","Eurosib.",55,2,2,2,1,0,5,5,9,"Molinio-Arrhenatheretea","2.1-2, (2.5.2), 2.4, 2.6, 2.8, (3.1, 3.3, 3.5), 6.2-3, (6.5.1, 6.7. 7.1-2, 7.4.2, 9.1.1-2, 9.2.3-4)",2,2,2,"neu","med","Dry",0
"Tripleurospermum_inodorum","124.32.2.0","FR573","Tripleurospermum_inodorum","Tripleurospermum inodorum (L.) Sch. Bip.","Sexual","Sexual",10.175,2.54375,"4x","4x","Even",36,0.282638888888889,1176.5,1050,"a, b, v","T, H","N","Y","Eur.(-Cosmop.)",48,2,2,2,0,0,6,5,10,"Stellarietea mediae","2.1, 2.2",2,2,2,"neu","hig","Average",1
"Achillea_clavennae","124.31.6.0","A127","Achillea_clavennae","Achillea clavenae L.","Sexual","Sexual",7.52,3.76,"2x","2x","Even",18,0.417777777777778,2282,1890,"v","H","N","Y","E-Alp./Illyr.",21,0,1,2,2,0,6,3,8,"Seslerion variae","3.2, 3.3, 6.5",2,1,0,"bas","low","Dry",0
"Picris_hieracioides","124.84.2.1","IT70","Picris_hieracioides","Picris hieracioides L. subsp. hieracioides","Sexual","Mixed",2.83333333333333,1.41666666666667,"2x","2x","Even",10,0.283333333333333,885,910,"b, v","H","N","Y","Eurasiat.",34,2,2,1,0,0,6,5,10,"Dauco-Melilotion","2.1, 2.2, 2.5.2, 6.2, 6.3.1, (6.7)",2,2,2,"bas","hig","Dry",0
"Erigeron_atticus","124.6.4.0","FR286","Erigeron_atticus","Erigeron atticus Vill.","Sexual","Sexual",3.04,1.52,"2x","2x","Even",18,0.168888888888889,2378,1750,"v","H","N","Y","S-Eur.-Mont.",37,0,1,2,1,0,7,3,9,"Caricion ferrugineae","(3.3, 6.3.1), 6.5.1",2,2,2,"neu","low","Average",0
"Cirsium_erisithales","124.61.8.0","A23","Cirsium_erisithales","Cirsium erisithales (Jacq.) Scop.","Sexual","Sexual",2.44,1.22,"2x","2x","Even",34,0.0717647058823529,394.5,1190,"v","H","N","Y","S-Eur.-Mont.",34,1,2,2,0,0,6,3,8,"Arunco-Petasition","2.6, (3.3), 4.1, 4.2, (6.2), 6.3.1, (6.5.1, 6.7), 7.4.2, 8.2, (9.1.1, 9.1.2, 9.2.2, 9.2.3, 9.2.4)",2,1,0,"bas","med","Average",1
"Cirsium_alsophilum","124.61.7.0","IT54","Cirsium_alsophilum","Cirsium montanum (Willd.) Spreng.","Sexual","Sexual",2.54,1.27,"2x","2x","Even",34,0.0747058823529412,1395.5,1190,"v","H","N","Y","S-Eur.-Mont.",19,1,2,2,0,0,6,3,8,"Mulgedio-Aconitetea","1.4, 2.5.1, 2.6, 4.2, (6.3.2), 6.7, 7.2, 7.4.1, 8.1, 9.1.2, 9.2.2, 9.2.3",2,2,2,"neu","hig","Wet",0
"Erigeron_karvinskianus","124.6.2.0","CH39","Erigeron_karvinskianus","Erigeron karvinskianus DC.","Apomictic","Apomictic",4.16,1.04,"4x","4x","Even",36,0.115555555555556,881,350,"v","H","N","N","N-Am.",16,2,0,0,0,0,4,9,12,"NEO_Parietarietalia judaicae","3.2; (2.9.2)",2,2,2,"neu","low","Dry",0
"Cirsium_rivulare","124.61.6.0","A28","Cirsium_rivulare","Cirsium rivulare (Jacq.) All.","Sexual","Sexual",2.5,1.25,"2x","2x","Even",34,0.0735294117647059,736,700,"v","H","N","Y","Eur.",27,2,2,0,0,0,6,3,8,"Calthion palustris","1.4, (2.6), 4.1, 5.1, 6.3.2",2,2,2,"neu","med","Wet",1
"Cirsium_tuberosum","124.61.5.0","FR525","Cirsium_tuberosum","Cirsium tuberosum (L.) All.","Sexual","Sexual",2.8,1.4,"2x","2x","Even",34,0.0823529411764706,1289,910,"v","G, H","N","Y","Eur.",18,2,2,1,0,0,6,3,8,"Molinion","1.4, (2.1, 2.2, 2.5.2), 2.6, 5.1, (6.2), 6.3.2, 6.7, 7.4.2, 9.1.1",2,2,1,"bas","low","Average",1
"Cirsium_vulgare","124.61.4.0","FR524","Cirsium_vulgare","Cirsium vulgare (Savi) Ten.","Sexual","Sexual",2.76,1.38,"2x","2x","Even",34,0.0811764705882353,1440,910,"b","H","N","Y","Eurasiat.",54,2,2,1,0,0,6,4,9,"Artemisietea vulgaris","(2.1), 2.2, 2.5.2, 2.6, 6.3.1, (7.4.2, 9.2.2)",2,2,2,"neu","hig","Average",0
"Cirsium_monspessulanum","124.61.17.0","FR195","Cirsium_monspessulanum","Cirsium monspessulanum (L.) Hill","Sexual","Sexual",2.395,1.1975,"2x","2x","Even",34,0.0704411764705882,1263.33333333333,910,"v","H","N","Y","Medit.",11,2,2,1,0,0,6,3,8,"Molinio-Holoschoenion","1.4, 2.5.1, 4.1, 4.2, 5.1, 6.3.2",2,2,2,"neu","hig","Wet",1
"Cirsium_arvense","124.61.19.0","FR423","Cirsium_arvense","Cirsium arvense (L.) Scop.","Sexual","Sexual",2.76,1.38,"2x","2x","Even",34,0.0811764705882353,1613,910,"v","G","N","Y","Eurasiat.",54,2,2,1,0,0,7,3,9,"Stellarietea mediae","2.1, 2.2, 2.5, 2.6, (6.3.1, 6.7, 9.2.2)",2,2,2,"neu","hig","Average",0
"Cirsium_eriophorum","124.61.3.1","FR618","Cirsium_eriophorum","Cirsium eriophorum (L.) Scop. subsp. eriophorum","Sexual","Sexual",3.76,1.88,"2x","2x","Even",34,0.110588235294118,1716,1190,"b","H","N","Y","Eur.-Mont.",38,1,2,2,0,0,6,4,9,"Onopordetalia acanthii","(2.1.2), 2.2, 2.4, 2.6, 6.2, 7.4.2, (9.2.2)",2,2,1,"bas","hig","Dry",0
"Cirsium_pannonicum","124.61.15.0","A7","Cirsium_pannonicum","Cirsium pannonicum (L. f.) Link","Sexual","Sexual",2.59,1.295,"2x","2x","Even",34,0.0761764705882353,453,700,"v","H","N","Y","E-Eur.",16,2,2,0,0,0,5,4,8,"Cirsio-Brachypodion","6.2, 6.3.2, 6.7, 7.2, 7.4.2, 9.3",2,2,1,"bas","low","Dry",1
"Leontodon_incanus_subsp._tenuiflorus","124.83.8.2","CH34","Leontodon_incanus_subsp._tenuiflorus","Leontodon incanus subsp. tenuiflorus (Gaudin) Schinz & R. Keller","Sexual","Sexual",2.26,1.13,"2x","2x","Even",8,0.2825,618,910,"v","H","Y","Y","E-Alp.",11,2,2,1,0,0,4,3,6,"Festuco-Brometea","(2.5.2), 3.2, 6.2, (6.5.1, 8.2), 9.1.1",2,0,0,"bas","low","veryDry",0
"Leontodon_hispidus","124.83.5.0","FR340","Leontodon_hispidus","Leontodon hispidus L.","Sexual","Sexual",4.96,2.48,"2x","2x","Even",14,0.354285714285714,1890,1850,"v","H","N","Y","Eur.",55,2,2,2,2,2,6,5,10,"Arrhenatheretalia elatioris","(2.2, 2.5.2, 3.2, 3.3, 4.1, 5.1), 6.2, 6.3, 6.5.1, (7.1, 9.1.1, 9.1.2)",2,2,2,"neu","med","Average",0
"Leontodon_crispus","124.83.7.0","FR217","Leontodon_crispus","Leontodon crispus Vill.","Sexual","Sexual",5.11,2.555,"2x","2x","Even",8,0.63875,1772,910,"v","H","N","Y","S-Eur.",24,2,2,1,0,0,5,3,7,"Ononidetalia","(3.2, 3.3), 6.2, 7.3",2,1,0,"bas","low","veryDry",0
"Serratula_tinctoria","124.65.1.2","IT96","Serratula_tinctoria","Serratula tinctoria subsp. monticola (Boreau) Berher","Sexual","Sexual",4.5,2.25,"2x","2x","Even",22,0.204545454545455,806,1610,"v","H","N","Y","S-Eur.-Mont.",21,0,2,2,1,0,7,4,10,"Caricion ferrugineae","(5.1, 5.2), 6.5.1, (7.1), 8.2",2,2,1,"bas","med","Average",0
"Erigeron_schleicheri","124.6.5.0","FR492","Erigeron_schleicheri","Erigeron gaudinii Brügger","Sexual","Sexual",3.025,1.5125,"2x","2x","Even",18,0.168055555555556,1935.5,1470,"v","H","N","Y","Alp.",23,1,1,2,1,0,7,2,8,"Androsacion vandellii","3.2, (3.3, 6.5.1)",2,1,1,"neu","low","Dry",0
"Rhaponticum_scariosum","124.67.1.1","CH171","Rhaponticum_scariosum","Stemmacantha rhapontica (L.) Dittrich subsp. rhapontica","Sexual","Sexual",2.15,1.075,"2x","2x","Even",26,0.0826923076923077,1933,1400,"v","H","Y","Y","E-Alp.",16,0,2,2,0,0,6,3,8,"Calamagrostion arundinaceae","(4.2), 6.5.1, 7.2, (8.1, 8.2); (2.9.2)",2,2,0,"bas","hig","Average",0
"Onopordium_acanthium","124.63.1.0","FR401","Onopordium_acanthium","Onopordum acanthium L.","Sexual","Sexual",2.75,1.375,"2x","2x","Even",34,0.0808823529411765,420,910,"b","H","N","Y","Eurasiat.",28,2,2,1,0,0,7,3,9,"Onopordion acanthii","2.2, (2.4)",2,2,1,"bas","hig","Dry",0
"Erigeron_alpinus","124.6.6.0","FR677b","Erigeron_alpinus","Erigeron alpinus L.","Sexual","Sexual",3.14,1.57,"2x","2x","Even",18,0.174444444444444,2135.5,1890,"v","H","N","Y","S-Eur.-Mont.",44,0,1,2,2,0,7,3,9,"Elyno-Seslerietea variae, Juncetea trifidi","(3.2, 6.2, 6.3.1), 6.5",2,2,2,"neu","low","Dry",0
"Cirsium_heterophyllum","124.61.14.0","FR567","Cirsium_heterophyllum","Cirsium helenioides (L.) Hill","Sexual","Sexual",2.5,1.25,"2x","2x","Even",34,0.0735294117647059,1908,1190,"v","H","N","Y","Eurosib.",36,1,2,2,0,0,6,3,8,"Filipendulo-Convolvuletea","1.4, 2.4, 2.5.1, 2.6, 4.2, (5.1), 6.3.1, 7.2, 7.4.1, (8.1, 9.1.2, 9.2.2)",1,2,2,"neu","hig","Wet",0
"Erigeron_acris_subsp._acris","124.6.3.1","FR509","Erigeron_acris_subsp._acris","Erigeron acer L. subsp. acer","Sexual","Sexual",3.015,1.5075,"2x","2x","Even",18,0.1675,1697.5,910,"b, v","H","N","Y","Eurasiat./N-Am.",40,2,2,1,0,0,6,5,10,"Festuco-Brometea","(2.1.2, 2.2), 2.6.2, 3.1, 3.5, 6.2",2,2,2,"neu","low","Dry",0
"Carduus_defloratus_subsp._summanus","124.60.9.5","A40","Carduus_defloratus_subsp._summanus","Carduus defloratus subsp. tridentinus (Evers) Murr","Sexual","Sexual",2.05,1.025,"2x","2x","Even",20,0.1025,695,1250,"v","H","Y","Y","Alp.",19,2,2,2,1,0,7,2,8,"Festucion variae","(2.2), 2.6, 3.2, 3.3, 6.2, 6.5.1, (6.7, 7.1, 7.2, 9.1.1, 9.1.2)",0,1,2,"neu","med","Dry",0
"Cirsium_spinosissimum","124.61.12.0","FR651","Cirsium_spinosissimum","Cirsium spinosissimum (L.) Scop.","Sexual","Sexual",2.68,1.34,"2x","2x","Even",34,0.0788235294117647,2504.5,2100,"v","H","Y","Y","Alp.",48,0,0,2,2,0,7,2,8,"Rumicion alpini","2.4, 3.3, 3.4, 4.1, 4.2, 6.5.1, (6.6), 7.2",2,2,2,"neu","hig","Wet",1
"Cirsium_acaule","124.61.13.0","FR249","Cirsium_acaule","Cirsium acaule Scop.","Sexual","Sexual",2.7205,1.36025,"2x","2x","Even",34,0.0800147058823529,1857.25,1400,"v","H","N","Y","Eur.",48,1,2,2,1,0,7,3,9,"Festuco-Brometea","(2.1.2, 2.2), 6.2, (6.3.1), 6.5.1, (6.7, 7.1, 9.1.1)",2,2,1,"bas","med","Dry",1
"Cirsium_oleraceum","124.61.11.0","A25","Cirsium_oleraceum","Cirsium oleraceum (L.) Scop.","Sexual","Sexual",2.475,1.2375,"2x","2x","Even",34,0.0727941176470588,553,910,"v","H","N","Y","Eurosib.",42,2,2,1,0,0,7,3,9,"Molinietalia caeruleae","1.4, 2.5.1, 2.6, 4.1, 4.2, 5.1, 5.2, 6.3.2, 7.2, 7.4.1, (9.1.2, 9.2.2, 9.2.3, 9.2.5)",2,2,1,"bas","hig","Wet",1
"Carduus_crispus","124.60.5.0","CH106","Carduus_crispus","Carduus crispus L.","Sexual","Sexual",2.82,1.41,"2x","2x","Even",16,0.17625,667,910,"b","H","N","Y","Eurosib.",30,2,2,1,0,0,7,3,9,"Artemisietea vulgaris","(2.1), 2.2, (2.3), 2.5.1, (6.7), 7.2, (7.4.2, 9.2.2)",2,2,2,"neu","hig","Average",0
"Carduus_personata","124.60.4.1","A111","Carduus_personata","Carduus personata (L.) Jacq. subsp. personata","Sexual","Sexual",2,1,"2x","2x","Even",18,0.111111111111111,1623,1400,"(b), v","H","N","Y","S-Eur.-Mont.",47,0,2,2,0,0,7,3,9,"Arunco-Petasition","(2.2, 2.4, 2.5.1, 2.6), 4.2, 6.3.1, (7.1), 7.2, (8.1, 8.2, 9.2.2, 9.2.3, 9.2.5)",2,2,1,"bas","hig","Wet",0
"Staehelina_dubia","124.58.1.0","FR728","Staehelina_dubia","Staehelina dubia L.","Sexual","Sexual",1.34,0.67,"2x","2x","Even",30,0.0446666666666667,609,583.333333333333,"t","C","N","Y","Medit.",10,2,1,0,0,0,5,4,8,"Rosmarinetea","3.2, 6.2, 7.3",2,2,1,"neu","low","veryDry",0
"Cirsium_carniolicum","124.61.10.0","MB103","Cirsium_carniolicum","Cirsium carniolicum Scop.","Sexual","Sexual",2.39,1.195,"2x","2x","Even",34,0.0702941176470588,1284,1190,"v","H","Y","Y","E-Alp.",11,1,2,2,0,0,6,3,8,"Adenostylion","2.6, 4.2, 6.3.1, 6.5.1, 7.1, 7.2, 8.1, 8.2",2,2,0,"bas","hig","Wet",0
"Arctium_minus","124.56.3.1","FR490","Arctium_minus","Arctium minus Bernh. subsp. minus","Sexual","Sexual",4.235,2.1175,"2x","2x","Even",36,0.117638888888889,1638,910,"a, b","T, H","N","Y","Eur.",35,2,2,1,0,0,7,3,9,"Arction lappae","2.2, 2.5.1, 2.6, 7.4.2",2,2,2,"neu","hig","Average",0
"Saussurea_alpina","124.57.2.1","FR637","Saussurea_alpina","Saussurea alpina (L.) DC. subsp. alpina","Sexual","Sexual",9.52,2.38,"4x","4x","Even",52,0.183076923076923,2745,2216.66666666667,"v","H","N","Y","Arct.-Alp.",31,0,0,1,2,0,7,3,9,"Oxytropido-Elynion","3.2, 3.3, (5.2), 6.5, (7.1)",2,2,2,"neu","med","Average",0
"Carduus_defloratus","124.60.9.3","FR418","Carduus_defloratus","Carduus defloratus subsp. carlinifolius (Lam.) Ces.","Sexual","Sexual",2.25,1.125,"2x","2x","Even",22,0.102272727272727,1850,1400,"v","H","N","Y","SW-Eur.-Mont.",9,1,2,2,1,0,7,2,8,"Elyno-Seslerietea variae","(2.2), 2.6, 3.2, 3.3, 6.2, 6.5.1, (7.2, 8.2, 9.1.1)",2,2,2,"bas","med","Dry",0
"Hypochaeris_maculata","124.82.1.0","FR438","Hypochaeris_maculata","Hypochaeris maculata L.","Sexual","Sexual",8.54666666666667,4.27333333333333,"2x","2x","Even",10,0.854666666666667,1764.66666666667,1250,"v","H","N","Y","Eurosib.",45,2,2,2,1,0,5,4,8,"Festuco-Brometea","6.2, 6.3.2, 6.4, 6.5.1, (6.7, 7.1, 7.4.2, 9.1.1, 9.3)",2,2,1,"bas","med","Dry",1
"Scorzoneroides_autumnalis","124.83.4.0","CH180","Scorzoneroides_autumnalis","Leontodon autumnalis L.","Sexual","Sexual",3.21,1.605,"2x","2x","Even",12,0.2675,1950,1050,"v","H","N","Y","Eurasiat.",52,2,2,2,0,0,6,4,9,"Cynosurion","(2.2, 2.4, 2.5.2), 2.7, (3.5, 5.1), 6.3.1",2,2,2,"neu","med","Average",1
"Centaurea_vallesiaca","124.68.9.0","CH142","Centaurea_vallesiaca","Centaurea valesiaca (DC.) Jord.","Sexual","Sexual",1.97,0.985,"2x","2x","Even",18,0.109444444444444,663,910,"b","H","Y","Y","W-Alp.",4,2,2,1,0,0,7,3,9,"Stipo-Poenion perconcinnae","(2.1.2, 2.2), 3.1, 3.2, (3.3), 6.2, (7.4.2, 9.1.1)",2,2,1,"bas","low","veryDry",0
"Centaurea_jacea_subsp._gaudinii","124.68.16.3","IT86","Centaurea_jacea_subsp._gaudinii","Centaurea jacea subsp. gaudinii (Boiss. & Reut.) Gremli","Sexual","Sexual",2.235,0.55875,"4x","4x","Even",44,0.0507954545454545,731.5,910,"v","H","N","Y","SE-Eur.-Mont.",22,2,2,1,0,0,6,3,8,"Diplachnion","(2.6, 3.2), 6.2, 6.7, 7.1, 7.4.2, 9.1.1, 9.2.4",1,2,2,"neu","low","veryDry",0
"Scorzoneroides_montana","124.83.3.1","A116","Scorzoneroides_montana","Leontodon montanus Lam. subsp. montanus","Sexual","Sexual",4.74333333333333,1.18583333333333,"4x","4x","Even",12,0.395277777777778,2386,2216.66666666667,"v","H","N","Y","S-Eur.-Mont.",42,0,0,1,2,0,7,2,8,"Thlaspion rotundifolii","(2.5), 3.3, (6.5.1)",2,0,0,"bas","low","Average",0
"Erigeron_canadensis","124.7.1.0","IT78","Erigeron_canadensis","Conyza canadensis (L.) Cronquist","Sexual","Sexual",0.985,0.4925,"2x","2x","Even",18,0.0547222222222222,468,910,"a, b","T, H","N","N","N-Am.(-Cosmop.)",54,2,2,1,0,0,6,4,9,"Stellarietea mediae","2.1, 2.2, 2.5.2, (2.6, 3.1, 3.2, 3.3, 3.5)",2,2,1,"bas","med","Dry",0
"Cyanus_segetum","124.68.31.0","FR384","Cyanus_segetum","Centaurea cyanus L.","Sexual","Sexual",1.74,0.87,"2x","2x","Even",24,0.0725,1096,910,"a","T","N","Y","Medit.(-Subcosmop.)",44,2,2,1,0,0,5,6,10,"Centaureetalia cyani","2.1, (2.2, 2.5.2)",2,2,2,"neu","low","Dry",0
"Cyanus_triumfettii","124.68.30.0","CH48","Cyanus_triumfettii","Centaurea triumfettii All.","Sexual","Sexual",3.14,1.57,"2x","2x","Even",22,0.142727272727273,413,1050,"v","H","N","Y","S-Eur./W-Asiat.",34,2,2,2,0,0,5,4,8,"Geranion sanguinei","(3.2), 6.2, 6.5.1, 6.7, (7.1, 7.2), 7.4.2, (9.1.1, 9.2.4)",2,2,2,"bas","med","Dry",0
"Centaurea_jacea","124.68.17.0","A6","Centaurea_jacea","Centaurea decipiens Thuill.","Sexual","Sexual",3.175,0.79375,"4x","4x","Even",44,0.0721590909090909,930,700,"v","H","N","Y","W-Eur.",1,2,2,0,0,0,5,5,9,"Mesobromion","2.6, 6.2, (6.3.1)",2,2,2,"neu","med","Average",1
"Centaurea_rhaetica","124.68.28.0","CH69","Centaurea_rhaetica","Centaurea rhaetica Moritzi","Sexual","Sexual",2.37,1.185,"2x","2x","Even",22,0.107727272727273,738,1190,"v","H","Y","Y","E-Alp.",7,1,2,2,0,0,6,3,8,"Caricenion austroalpinae","(3.2, 3.3), 6.2, 6.5.1, 7.1, 8.2, 9.1.1",2,1,0,"bas","low","Dry",0
"Centaurea_splendens","124.68.14.0","CH169","Centaurea_splendens","Centaurea splendens L.","Sexual","Sexual",1.71,0.855,"2x","2x","Even",18,0.095,274,583.333333333333,"b","H","N","Y","S-Eur.",6,2,1,0,0,0,7,2,8,"Festuco-Brometea","(2.1.1), 2.2, 3.1, 3.2, 3.3, 6.2",2,2,2,"neu","med","veryDry",0
"Hypochaeris_uniflora","124.82.2.0","A120","Hypochaeris_uniflora","Hypochaeris uniflora Vill.","Sexual","Sexual",9.54666666666667,4.77333333333333,"2x","2x","Even",10,0.954666666666667,2176.66666666667,1890,"v","H","N","Y","Alp./Carpat.",42,0,1,2,2,0,7,3,9,"Juncetea trifidi","(6.2, 6.3.1), 6.5.1, 7.1, (9.1.2)",1,2,2,"aci","low","Average",1
"Centaurea_scabiosa_subsp._grinensis","124.68.5.5","CH46","Centaurea_scabiosa_subsp._grinensis","Centaurea scabiosa subsp. grinensis (Reut.) Nyman","Sexual","Sexual",4.02,2.01,"2x","2x","Even",20,0.201,417,1050,"v","H","N","Y","Alp.",10,2,2,2,0,0,6,4,9,"Diplachnion","(3.2), 6.2",2,1,0,"bas","low","veryDry",0
"Centaurea_nervosa","124.68.25.1","CH175","Centaurea_nervosa","Centaurea nervosa Willd. subsp. nervosa","Sexual","Sexual",2.27,1.135,"2x","2x","Even",22,0.103181818181818,1846.5,1750,"v","H","N","Y","S-Eur.-Mont.",32,0,1,2,1,0,7,2,8,"Festucion variae","6.3.1, 6.5.1, (6.7), 7.1, 8.2",2,2,2,"neu","med","Average",0
"Centaurea_leucophaea","124.68.7.0","FR603","Centaurea_leucophaea","Centaurea leucophaea Jord.","Sexual","Sexual",2.78,1.39,"2x","2x","Even",18,0.154444444444444,1233,700,"b","H","N","Y","Medit.",8,2,2,0,0,0,6,4,9,"Festuco-Brometea","(2.2, 2.5.2, 2.6, 3.2), 6.2, 7.3, (9.1.1)",2,2,1,"bas","low","veryDry",0
"Scorzoneroides_crocea","124.83.2.0","CH145","Scorzoneroides_crocea","Leontodon croceus Haenke","Sexual","Sexual",3.73,1.865,"2x","2x","Even",14,0.266428571428571,1777.5,1750,"v","H","N","Y","E-Alp./Carpat.",2,0,0,2,0,0,7,2,8,"Juncetea trifidi","6.5.1, (7.1)",1,2,2,"neu","low","Average",0
"Hypochaeris_radicata","124.82.5.0","CH26","Hypochaeris_radicata","Hypochaeris radicata L.","Sexual","Sexual",2.88,1.44,"2x","2x","Even",8,0.36,328,910,"v","H","N","Y","Eur.",53,2,2,1,0,0,5,6,10,"Cynosurion","2.6, 2.7, 6.2, 6.3.1, (7.1, 9.1.1)",2,2,2,"aci","med","Average",0
"Aposeris_foetida","124.80.1.0","IT51","Aposeris_foetida","Aposeris foetida (L.) Less.","Sexual","Sexual",4.79,2.395,"2x","2x","Even",16,0.299375,1269,1400,"v","H","N","Y","S-Eur.-Mont.",35,0,2,2,0,0,6,3,8,"Fagetalia sylvaticae","(2.6, 3.3, 4.2), 6.3.1, 6.5, 7.1, 7.4.2, 8.2, 9.1.2, (9.2.2), 9.2.3, (9.2.4)",2,2,0,"bas","med","Wet",0
"Erigeron_uniflorus","124.6.9.0","FR640","Erigeron_uniflorus","Erigeron uniflorus L.","Sexual","Sexual",3.2,1.6,"2x","2x","Even",18,0.177777777777778,2713,2575,"v","H","N","Y","Arct.-Alp.",43,0,0,1,2,1,7,3,9,"Oxytropido-Elynion","(3.2, 3.3), 6.5",2,2,2,"neu","low","Dry",0
"Catananche_caerulea","124.75.1.0","FR187","Catananche_caerulea","Catananche caerulea L.","Sexual","Sexual",12.5875,6.29375,"2x","2x","Even",18,0.699305555555556,1507,910,"v","H","N","Y","SW-Eur.",11,2,2,1,0,0,7,3,9,"Rosmarinetalia","(2.2), 3.2, 6.2, 7.3; (2.9.2)",2,2,1,"bas","med","veryDry",0
"Erigeron_bonariensis","124.7.3.0","CH134","Erigeron_bonariensis","Conyza sumatrensis (Retz.) E. Walker","Sexual","Sexual",4.57,0.761666666666667,"6x","Poly","Even",54,0.0846296296296296,604,350,"a","T","N","N","Neotrop.",19,2,0,0,0,0,6,4,9,"NEO_Stellarietea mediae","2.2",2,2,1,"bas","hig","Dry",0
"Centaurea_uniflora","124.68.24.0","FR15","Centaurea_uniflora","Centaurea uniflora Turra","Sexual","Sexual",2.307,1.1535,"2x","2x","Even",22,0.104863636363636,1837.33333333333,1610,"v","H","N","Y","W-Alp./Apen.",9,0,2,2,1,0,7,2,8,"Festucion variae","6.3.1, 6.5.1, (6.7, 7.1, 7.2, 7.4.2)",2,2,2,"neu","med","Dry",0
"Centaurea_scabiosa_subsp._alpestris","124.68.5.2","FR58","Centaurea_scabiosa_subsp._alpestris","Centaurea scabiosa subsp. alpestris (Hegetschw.) Nyman","Sexual","Mixed",7.5282,1.88205,"4x","4x","Even",20,0.37641,1529.2,1750,"v","H","N","Y","S-Eur.-Mont.",36,0,1,2,1,0,6,3,8,"Seslerietalia variae","(2.2), 2.6, (3.2, 6.2), 6.5.1, (7.1,) 7.2, 8.2, 9.1.2",2,2,1,"bas","med","Dry",0
"Cyanus_montanus","124.68.29.0","FR493","Cyanus_montanus","Centaurea montana L.","Sexual","Sexual",4.385,1.49375,"2x","2x","Even",33,0.135795454545455,1815.5,1190,"v","H","N","Y","Eur.-Mont.",39,1,2,2,0,0,5,4,8,"Calamagrostion arundinaceae","(2.5.1, 3.2, 3.3), 6.3.1, 6.5.1, 6.7, 7.2, (7.4.2, 8.2), 9.1.2, 9.2.3, (9.2.4), 9.2.5; 2.9.2",2,2,2,"bas","med","Average",0
